id,name,model_id:id,group_id:id,perm_read,perm_write,perm_create,perm_unlink
sales_task.access_sale_button,access_sale_button,sales_task.model_sale_button,base.group_user,1,1,1,1
sales_task.access_sale_event,access_sale_event,sales_task.model_sale_event,base.group_user,1,1,1,1
sales_task.access_sale_direct,access_sale_direct,sales_task.model_sale_direct,base.group_user,1,1,1,1
sales_task.access_direct_customer,access_direct_customer,sales_task.model_direct_customer,base.group_user,1,1,1,1
sales_task.access_direct_lead,access_direct_lead,sales_task.model_direct_lead,base.group_user,1,1,1,1
sales_task.access_new_customer,access_new_customer,sales_task.model_new_customer,base.group_user,1,1,1,1
sales_task.access_is_lead,access_is_lead,sales_task.model_is_lead,base.group_user,1,1,1,1